1,Two Sum,25.30%,,Easy
2,Add Two Numbers,24.30%,,Medium
3,Longest Substring Without Repeating Characters,22.80%,,Medium
4,Median of Two Sorted Arrays,19.40%,,Hard
5,Longest Palindromic Substring,23.70%,,Medium
6,ZigZag Conversion,24.90%,,Easy
7,Reverse Integer,23.80%,,Easy
8,String to Integer (atoi),13.70%,,Easy
9,Palindrome Number,32.60%,,Easy
10,Regular Expression Matching,22.60%,,Hard
11,Container With Most Water,35.40%,,Medium
12,Integer to Roman,40.50%,,Medium
13,Roman to Integer,41.10%,,Easy
14,Longest Common Prefix,29.20%,,Easy
15,3Sum,19.60%,,Medium
16,3Sum Closest,29.80%,,Medium
17,Letter Combinations of a Phone Number,30.00%,,Medium
18,4Sum,24.60%,,Medium
19,Remove Nth Node From End of List,30.60%,,Easy
20,Valid Parentheses,30.40%,,Easy
21,Merge Two Sorted Lists,36.40%,,Easy
22,Generate Parentheses,38.70%,,Medium
23,Merge k Sorted Lists,24.30%,,Hard
24,Swap Nodes in Pairs,36.00%,,Easy
25,Reverse Nodes in k-Group,28.40%,,Hard
26,Remove Duplicates from Sorted Array,34.30%,,Easy
27,Remove Element,35.10%,,Easy
28,Implement strStr(),25.70%,,Easy
29,Divide Two Integers,15.90%,,Medium
30,Substring with Concatenation of All Words,21.20%,,Hard
31,Next Permutation,27.20%,,Medium
32,Longest Valid Parentheses,22.80%,,Hard
33,Search in Rotated Sorted Array,30.90%,,Hard
34,Search for a Range,29.80%,,Medium
35,Search Insert Position,38.00%,,Medium
36,Valid Sudoku,31.90%,,Easy
37,Sudoku Solver,26.10%,,Hard
38,Count and Say,30.40%,,Easy
39,Combination Sum,32.60%,,Medium
40,Combination Sum II,28.90%,,Medium
41,First Missing Positive,24.30%,,Hard
42,Trapping Rain Water,33.30%,,Hard
43,Multiply Strings,24.40%,,Medium
44,Wildcard Matching,18.00%,,Hard
45,Jump Game II,25.60%,,Hard
46,Permutations,37.40%,,Medium
47,Permutations II,29.10%,,Medium
48,Rotate Image,35.60%,,Medium
49,Group Anagrams,29.00%,,Medium
50,"Pow(x, n)",27.60%,,Medium
51,N-Queens,27.00%,,Hard
52,N-Queens II,40.70%,,Hard
53,Maximum Subarray,37.30%,,Medium
54,Spiral Matrix,23.30%,,Medium
55,Jump Game,28.80%,,Medium
56,Merge Intervals,26.40%,,Hard
57,Insert Interval,24.70%,,Hard
58,Length of Last Word,30.10%,,Easy
59,Spiral Matrix II,36.20%,,Medium
60,Permutation Sequence,25.90%,,Medium
61,Rotate List,23.40%,,Medium
62,Unique Paths,37.40%,,Medium
63,Unique Paths II,30.00%,,Medium
64,Minimum Path Sum,35.90%,,Medium
65,Valid Number,12.30%,,Hard
66,Plus One,35.00%,,Easy
67,Add Binary,28.60%,,Easy
68,Text Justification,16.80%,,Hard
69,Sqrt(x),26.00%,,Medium
70,Climbing Stairs,37.50%,,Easy
71,Simplify Path,22.70%,,Medium
72,Edit Distance,29.40%,,Hard
73,Set Matrix Zeroes,34.20%,,Medium
74,Search a 2D Matrix,34.60%,,Medium
75,Sort Colors,35.50%,,Medium
76,Minimum Window Substring,22.10%,,Hard
77,Combinations,35.90%,,Medium
78,Subsets,33.20%,,Medium
79,Word Search,23.90%,,Medium
80,Remove Duplicates from Sorted Array II,33.60%,,Medium
81,Search in Rotated Sorted Array II,32.30%,,Medium
82,Remove Duplicates from Sorted List II,27.60%,,Medium
83,Remove Duplicates from Sorted List,37.60%,,Easy
84,Largest Rectangle in Histogram,24.80%,,Hard
85,Maximal Rectangle,24.20%,,Hard
86,Partition List,30.40%,,Medium
87,Scramble String,27.30%,,Hard
88,Merge Sorted Array,30.60%,,Easy
89,Gray Code,37.60%,,Medium
90,Subsets II,31.70%,,Medium
91,Decode Ways,18.00%,,Medium
92,Reverse Linked List II,28.70%,,Medium
93,Restore IP Addresses,24.40%,,Medium
94,Binary Tree Inorder Traversal,41.10%,,Medium
95,Unique Binary Search Trees II,29.50%,,Medium
96,Unique Binary Search Trees,38.40%,,Medium
97,Interleaving String,23.10%,,Hard
98,Validate Binary Search Tree,21.40%,,Medium
99,Recover Binary Search Tree,27.40%,,Hard
100,Same Tree,44.00%,,Easy
101,Symmetric Tree,35.00%,,Easy
102,Binary Tree Level Order Traversal,34.20%,,Easy
103,Binary Tree Zigzag Level Order Traversal,29.90%,,Medium
104,Maximum Depth of Binary Tree,49.00%,,Easy
105,Construct Binary Tree from Preorder and Inorder Traversal,29.60%,,Medium
106,Construct Binary Tree from Inorder and Postorder Traversal,29.80%,,Medium
107,Binary Tree Level Order Traversal II,35.30%,,Easy
108,Convert Sorted Array to Binary Search Tree,38.50%,,Medium
109,Convert Sorted List to Binary Search Tree,31.40%,,Medium
110,Balanced Binary Tree,34.90%,,Easy
111,Minimum Depth of Binary Tree,31.30%,,Easy
112,Path Sum,31.90%,,Easy
113,Path Sum II,29.30%,,Medium
114,Flatten Binary Tree to Linked List,31.90%,,Medium
115,Distinct Subsequences,29.60%,,Hard
116,Populating Next Right Pointers in Each Node,36.70%,,Medium
117,Populating Next Right Pointers in Each Node II,33.00%,,Hard
118,Pascal's Triangle,34.70%,,Easy
119,Pascal's Triangle II,33.40%,,Easy
120,Triangle,31.10%,,Medium
121,Best Time to Buy and Sell Stock,37.00%,,Easy
122,Best Time to Buy and Sell Stock II,43.50%,,Medium
123,Best Time to Buy and Sell Stock III,27.10%,,Hard
124,Binary Tree Maximum Path Sum,23.90%,,Hard
125,Valid Palindrome,24.40%,,Easy
126,Word Ladder II,13.70%,,Hard
127,Word Ladder,19.70%,,Medium
128,Longest Consecutive Sequence,33.40%,,Hard
129,Sum Root to Leaf Numbers,33.70%,,Medium
130,Surrounded Regions,16.60%,,Medium
131,Palindrome Partitioning,28.60%,,Medium
132,Palindrome Partitioning II,22.50%,,Hard
133,Clone Graph,24.90%,,Medium
134,Gas Station,27.90%,,Medium
135,Candy,23.10%,,Hard
136,Single Number,51.10%,,Medium
137,Single Number II,38.70%,,Medium
138,Copy List with Random Pointer,26.20%,,Hard
139,Word Break,26.20%,,Medium
140,Word Break II,20.60%,,Hard
141,Linked List Cycle,36.40%,,Easy
142,Linked List Cycle II,31.30%,,Medium
143,Reorder List,23.50%,,Medium
144,Binary Tree Preorder Traversal,41.10%,,Medium
145,Binary Tree Postorder Traversal,36.60%,,Hard
146,LRU Cache,15.80%,,Hard
147,Insertion Sort List,30.40%,,Medium
148,Sort List,25.80%,,Medium
149,Max Points on a Line,14.80%,,Hard
150,Evaluate Reverse Polish Notation,24.50%,,Medium
151,Reverse Words in a String,15.80%,,Medium
152,Maximum Product Subarray,23.00%,,Medium
153,Find Minimum in Rotated Sorted Array,37.20%,,Medium
154,Find Minimum in Rotated Sorted Array II,35.10%,,Hard
155,Min Stack,23.70%,,Easy
156,Binary Tree Upside Down ,39.50%,,Medium
157,Read N Characters Given Read4 ,29.40%,,Easy
158,Read N Characters Given Read4 II - Call multiple times ,23.80%,,Hard
159,Longest Substring with At Most Two Distinct Characters ,36.40%,,Hard
160,Intersection of Two Linked Lists,30.60%,,Easy
161,One Edit Distance ,29.20%,,Medium
162,Find Peak Element,34.00%,,Medium
163,Missing Ranges ,30.20%,,Medium
164,Maximum Gap,27.50%,,Hard
165,Compare Version Numbers,18.30%,,Easy
166,Fraction to Recurring Decimal,15.90%,,Medium
167,Two Sum II - Input array is sorted ,49.30%,,Medium
168,Excel Sheet Column Title,22.80%,,Easy
169,Majority Element,42.80%,,Easy
170,Two Sum III - Data structure design ,23.30%,,Easy
171,Excel Sheet Column Number,43.30%,,Easy
172,Factorial Trailing Zeroes,33.70%,,Easy
173,Binary Search Tree Iterator,36.20%,,Medium
174,Dungeon Game,21.70%,,Hard
179,Largest Number,20.00%,,Medium
186,Reverse Words in a String II ,29.00%,,Medium
187,Repeated DNA Sequences,27.10%,,Medium
188,Best Time to Buy and Sell Stock IV,23.00%,,Hard
189,Rotate Array,22.10%,,Easy
190,Reverse Bits,29.50%,,Easy
191,Number of 1 Bits,37.70%,,Easy
198,House Robber,35.70%,,Easy
199,Binary Tree Right Side View,36.30%,,Medium
200,Number of Islands,29.30%,,Medium